Type,Date,Polarity
microsoft,01-01-2016,0.11054160153118486
microsoft,01-01-2017,0.16936947481485606
microsoft,01-01-2018,0.13753417782499608
microsoft,01-01-2019,0.15514725173816096
microsoft,01-01-2020,0.09125091782382486
microsoft,01-02-2016,0.08210212838052902
microsoft,01-02-2017,0.1496691223686092
microsoft,01-02-2018,0.09959884816498722
microsoft,01-02-2019,0.028557654858592574
microsoft,01-02-2020,0.09659427062836153
microsoft,01-03-2016,0.12410515425024467
microsoft,01-03-2017,0.09631643396485841
microsoft,01-03-2018,0.1880410066664152
microsoft,01-03-2019,0.14747047822694756
microsoft,01-03-2020,0.13789355300320216
microsoft,01-04-2016,0.13001905101690223
microsoft,01-04-2017,0.14517045275927468
microsoft,01-04-2018,0.13544347385418815
microsoft,01-04-2019,0.11080205743911509
microsoft,01-05-2016,0.12435434924261227
microsoft,01-05-2017,0.09349434773476457
microsoft,01-05-2018,0.09973232664115163
microsoft,01-05-2019,0.06443769972839125
microsoft,01-06-2016,0.04652400346778503
microsoft,01-06-2017,0.07837027116707357
microsoft,01-06-2018,0.11955371229465905
microsoft,01-06-2019,0.13356180856180858
microsoft,01-07-2016,0.09478271798347554
microsoft,01-07-2017,0.1313553547901374
microsoft,01-07-2018,0.17278935185185185
microsoft,01-07-2019,0.11208150224191564
microsoft,01-08-2016,0.11231673718017163
microsoft,01-08-2017,0.08833803365583803
microsoft,01-08-2018,0.13801447429963642
microsoft,01-08-2019,0.16797461997735297
microsoft,01-09-2016,0.13054824616192826
microsoft,01-09-2017,0.055735103260124416
microsoft,01-09-2018,0.14923089359200473
microsoft,01-09-2019,0.08795417597513971
microsoft,01-10-2016,0.16640718760559986
microsoft,01-10-2017,0.11729839094728801
microsoft,01-10-2018,0.1532479161045065
microsoft,01-10-2019,0.10099096724797593
microsoft,01-11-2016,0.08982882584909319
microsoft,01-11-2017,0.15983458688515992
microsoft,01-11-2018,0.14594232714944294
microsoft,01-11-2019,0.12098337098870388
microsoft,01-12-2016,0.13077135258494196
microsoft,01-12-2017,0.12648197371411657
microsoft,01-12-2018,0.16729856720928152
microsoft,01-12-2019,0.11782661100805221
microsoft,02-01-2016,0.19679144385026734
microsoft,02-01-2017,0.1363941883901123
microsoft,02-01-2018,0.08046981742317452
microsoft,02-01-2019,0.1368313630813631
microsoft,02-01-2020,0.1151051959928258
microsoft,02-02-2016,0.12691469135599914
microsoft,02-02-2017,0.13724670699251382
microsoft,02-02-2018,0.12661571294000842
microsoft,02-02-2019,0.12715277777777775
microsoft,02-02-2020,0.08564213564213564
microsoft,02-03-2016,0.11701674583359836
microsoft,02-03-2017,0.09534096500857535
microsoft,02-03-2018,0.1294693502541272
microsoft,02-03-2019,0.13029098417256518
microsoft,02-03-2020,0.06336956112694433
microsoft,02-04-2016,0.15228790171929704
microsoft,02-04-2017,0.1756441798941799
microsoft,02-04-2018,0.1435497256039572
microsoft,02-04-2019,0.1269918964741252
microsoft,02-05-2016,0.15397220003610929
microsoft,02-05-2017,0.16834045338110526
microsoft,02-05-2018,0.15119599763609945
microsoft,02-05-2019,0.1500262341770484
microsoft,02-06-2016,0.12866262320898175
microsoft,02-06-2017,0.15559053438455794
microsoft,02-06-2018,0.1829925592125153
microsoft,02-06-2019,0.12973332021735517
microsoft,02-07-2016,0.14043097463236354
microsoft,02-07-2017,0.14810359054601666
microsoft,02-07-2018,0.09498566840885476
microsoft,02-07-2019,0.12149539474017963
microsoft,02-08-2016,0.1099843947692544
microsoft,02-08-2017,0.11670385078897283
microsoft,02-08-2018,0.1357012827179653
microsoft,02-08-2019,0.15098955365548702
microsoft,02-09-2016,0.10611811999989335
microsoft,02-09-2017,0.07861096727745435
microsoft,02-09-2018,0.1670509736593578
microsoft,02-09-2019,0.14320479579336162
microsoft,02-10-2016,0.13002853870013584
microsoft,02-10-2017,0.13117410819199868
microsoft,02-10-2018,0.15201308473596983
microsoft,02-10-2019,0.1586542510031554
microsoft,02-11-2016,0.11960107626316596
microsoft,02-11-2017,0.09411029440397402
microsoft,02-11-2018,0.1424729906450104
microsoft,02-11-2019,0.12768814423602798
microsoft,02-12-2016,0.1238904319380194
microsoft,02-12-2017,0.15932684133090638
microsoft,02-12-2018,0.06714968244654032
microsoft,02-12-2019,0.10299068968613741
microsoft,03-01-2016,0.22049512987012984
microsoft,03-01-2017,0.1351287948210474
microsoft,03-01-2018,0.13967555836589485
microsoft,03-01-2019,0.12481679668698484
microsoft,03-01-2020,0.10388612740170237
microsoft,03-02-2016,0.17106417964917425
microsoft,03-02-2017,0.14475610690403043
microsoft,03-02-2018,0.13410155894355452
microsoft,03-02-2019,0.1427134413144475
microsoft,03-02-2020,0.14083816044127365
microsoft,03-03-2016,0.10709995282607387
microsoft,03-03-2017,0.11490578223387636
microsoft,03-03-2018,0.11961598823926733
microsoft,03-03-2019,0.05816291280600492
microsoft,03-03-2020,0.12183908805176047
microsoft,03-04-2016,0.13993459947286818
microsoft,03-04-2017,0.19155367634284814
microsoft,03-04-2018,0.1121353673382486
microsoft,03-04-2019,0.1705777343205129
microsoft,03-05-2016,0.12720988940232805
microsoft,03-05-2017,0.11166665997569322
microsoft,03-05-2018,0.11426922210545189
microsoft,03-05-2019,0.1187961314830122
microsoft,03-06-2016,0.14957978807377242
microsoft,03-06-2017,0.11167968851359678
microsoft,03-06-2018,0.07073086635586637
microsoft,03-06-2019,0.13781761278660837
microsoft,03-07-2016,0.054383116883116873
microsoft,03-07-2017,0.11040806698404002
microsoft,03-07-2018,0.07880260528604587
microsoft,03-07-2019,0.1535786076492283
microsoft,03-08-2016,0.12182847850161362
microsoft,03-08-2017,0.12463787254365721
microsoft,03-08-2018,0.0699608856313049
microsoft,03-08-2019,0.14255778470832234
microsoft,03-09-2016,0.0878272952709969
microsoft,03-09-2017,0.18295316117990537
microsoft,03-09-2018,0.12111595878316489
microsoft,03-09-2019,0.10307760960987157
microsoft,03-10-2016,0.15224298017747215
microsoft,03-10-2017,0.10617448492397892
microsoft,03-10-2018,0.13954734360480586
microsoft,03-10-2019,0.13124023147460376
microsoft,03-11-2016,0.09007904829997357
microsoft,03-11-2017,0.14348111545443473
microsoft,03-11-2018,0.06306187838445905
microsoft,03-11-2019,0.11925623685154478
microsoft,03-12-2016,0.12837861233508555
microsoft,03-12-2017,0.09206573922911238
microsoft,03-12-2018,0.11462834831210188
microsoft,03-12-2019,0.1388723748741336
microsoft,04-01-2016,0.10596843208263879
microsoft,04-01-2017,0.14446626868501866
microsoft,04-01-2018,0.12240052584115867
microsoft,04-01-2019,0.11445317486615085
microsoft,04-01-2020,0.1714401011718424
microsoft,04-02-2016,0.044248874965152
microsoft,04-02-2017,0.09737143188867325
microsoft,04-02-2018,0.1467318097458361
microsoft,04-02-2019,0.13468204680618484
microsoft,04-02-2020,0.11625481884031412
microsoft,04-03-2016,0.11240445013899031
microsoft,04-03-2017,0.1417494996736068
microsoft,04-03-2018,0.11907621296106093
microsoft,04-03-2019,0.1522804286337237
microsoft,04-03-2020,0.1462402994791899
microsoft,04-04-2016,0.1125357946922368
microsoft,04-04-2017,0.147535892225304
microsoft,04-04-2018,0.1083984164332854
microsoft,04-04-2019,0.04928969820115539
microsoft,04-05-2016,0.1347166760656004
microsoft,04-05-2017,0.12848844811116183
microsoft,04-05-2018,0.17862961200348007
microsoft,04-05-2019,0.1380426074788915
microsoft,04-06-2016,0.13718472035545207
microsoft,04-06-2017,0.04038461538461539
microsoft,04-06-2018,0.11897552246546582
microsoft,04-06-2019,0.11621073315019792
microsoft,04-07-2016,0.11680280312457347
microsoft,04-07-2017,0.07534610538189736
microsoft,04-07-2018,0.11356896457120122
microsoft,04-07-2019,0.1178848791912542
microsoft,04-08-2016,0.17199858748696586
microsoft,04-08-2017,0.13904199611269383
microsoft,04-08-2018,0.08239530030543467
microsoft,04-08-2019,0.08544165235631535
microsoft,04-09-2016,0.12361368261368262
microsoft,04-09-2017,0.1520586556578843
microsoft,04-09-2018,0.18174652122901047
microsoft,04-09-2019,0.13312872600176923
microsoft,04-10-2016,0.11159277987000145
microsoft,04-10-2017,0.13581494304931077
microsoft,04-10-2018,0.13171867670958098
microsoft,04-10-2019,0.12211581424838097
microsoft,04-11-2016,0.12402739729507821
microsoft,04-11-2017,0.09396344396344396
microsoft,04-11-2018,0.10902728224156792
microsoft,04-11-2019,0.12908972656131748
microsoft,04-12-2016,0.04426222868226544
microsoft,04-12-2017,0.08677672542094765
microsoft,04-12-2018,0.14639839594928883
microsoft,04-12-2019,0.10432035272091629
microsoft,05-01-2016,0.15459404179377662
microsoft,05-01-2017,0.12497044608310456
microsoft,05-01-2018,0.12966125972383735
microsoft,05-01-2019,0.11532121424632201
microsoft,05-01-2020,0.1519468104994421
microsoft,05-02-2016,0.09855218246806728
microsoft,05-02-2017,0.03342911488097822
microsoft,05-02-2018,0.14384510693550992
microsoft,05-02-2019,0.05871006051951584
microsoft,05-02-2020,0.12537306575756255
microsoft,05-03-2016,0.1409468081591611
microsoft,05-03-2017,0.11553650342712843
microsoft,05-03-2018,0.1391448389202096
microsoft,05-03-2019,0.11078150247579198
microsoft,05-03-2020,0.10102734266425968
microsoft,05-04-2016,0.15767022629067984
microsoft,05-04-2017,0.13625652856543974
microsoft,05-04-2018,0.11708792267248375
microsoft,05-04-2019,0.10425385590970009
microsoft,05-05-2016,0.16334777927846514
microsoft,05-05-2017,0.1180348652921443
microsoft,05-05-2018,0.15234713203463202
microsoft,05-05-2019,-0.0625
microsoft,05-06-2016,0.09317917201845774
microsoft,05-06-2017,0.1268956555284817
microsoft,05-06-2018,0.12105562864918074
microsoft,05-06-2019,0.10204584158044225
microsoft,05-07-2016,0.14856539561520543
microsoft,05-07-2017,0.10568636138167388
microsoft,05-07-2018,0.15010817372757848
microsoft,05-07-2019,0.19637306782777167
microsoft,05-08-2016,0.08533222980268881
microsoft,05-08-2017,0.09130365902610407
microsoft,05-08-2018,0.10230510695797795
microsoft,05-08-2019,0.12257988653197145
microsoft,05-09-2016,0.11478334516584747
microsoft,05-09-2017,0.13045534538933515
microsoft,05-09-2018,0.059430397805495305
microsoft,05-09-2019,0.12672762202410487
microsoft,05-10-2016,0.11376612092072581
microsoft,05-10-2017,0.12762724615368898
microsoft,05-10-2018,0.18630755992205378
microsoft,05-10-2019,0.13177812114493365
microsoft,05-11-2016,0.11759747901389038
microsoft,05-11-2017,0.13917642735638264
microsoft,05-11-2018,0.12510803305504992
microsoft,05-11-2019,0.09565513621790406
microsoft,05-12-2016,0.10367861511730653
microsoft,05-12-2017,0.10331493057752836
microsoft,05-12-2018,0.14479201341213066
microsoft,05-12-2019,0.11269656011069716
microsoft,06-01-2016,0.1293055567395164
microsoft,06-01-2017,0.13005477602193305
microsoft,06-01-2018,0.10972124209207777
microsoft,06-01-2019,0.14055076878088243
microsoft,06-01-2020,0.11355234557523354
microsoft,06-02-2016,0.2047619047619047
microsoft,06-02-2017,0.14027219434828386
microsoft,06-02-2018,0.08288981826295004
microsoft,06-02-2019,0.15442777829405738
microsoft,06-02-2020,0.12437628170025394
microsoft,06-03-2016,0.12940761784511787
microsoft,06-03-2017,0.1253230697496261
microsoft,06-03-2018,0.10892605392605392
microsoft,06-03-2019,0.10291572145893234
microsoft,06-03-2020,0.09536053485535631
microsoft,06-04-2016,0.1403244470065524
microsoft,06-04-2017,0.15139573685923122
microsoft,06-04-2018,0.11850976010493987
microsoft,06-04-2019,0.12706747474422914
microsoft,06-05-2016,0.10966888285846824
microsoft,06-05-2017,0.11876790543552555
microsoft,06-05-2018,0.08861461705708952
microsoft,06-05-2019,0.11805428684974976
microsoft,06-06-2016,0.10847859826508897
microsoft,06-06-2017,0.17700228229820067
microsoft,06-06-2018,0.07358847544677975
microsoft,06-06-2019,0.10932273538571113
microsoft,06-07-2016,0.14361586450248692
microsoft,06-07-2017,0.09023380358387235
microsoft,06-07-2018,0.15561166316233435
microsoft,06-07-2019,0.10838911088911088
microsoft,06-08-2016,0.10411457359485433
microsoft,06-08-2017,0.14422558041064398
microsoft,06-08-2018,0.11956623297197996
microsoft,06-08-2019,0.10627750608529299
microsoft,06-09-2016,0.13103778183120887
microsoft,06-09-2017,0.11189698855168122
microsoft,06-09-2018,0.12022668176922775
microsoft,06-09-2019,0.0929332770133044
microsoft,06-10-2016,0.10446739785235662
microsoft,06-10-2017,0.07703057631753502
microsoft,06-10-2018,0.1460648250699496
microsoft,06-10-2019,0.10579213928109883
microsoft,06-11-2016,0.12331798828640815
microsoft,06-11-2017,0.142106912431856
microsoft,06-11-2018,0.13471818251131834
microsoft,06-11-2019,0.10079407656061223
microsoft,06-12-2016,0.11160286357879526
microsoft,06-12-2017,0.12532897863895706
microsoft,06-12-2018,0.10997089803714745
microsoft,06-12-2019,0.09890487530727432
microsoft,07-01-2016,0.1160430961085027
microsoft,07-01-2017,0.12363830009652044
microsoft,07-01-2018,0.12798108908635225
microsoft,07-01-2019,0.14863846875795178
microsoft,07-01-2020,0.2439772883263572
microsoft,07-02-2017,0.12129662631901242
microsoft,07-02-2018,0.09916680327316874
microsoft,07-02-2019,0.14636165508162732
microsoft,07-02-2020,0.15406896191184113
microsoft,07-03-2016,0.07106283460020511
microsoft,07-03-2017,0.1590657466439663
microsoft,07-03-2018,0.13828660879910185
microsoft,07-03-2019,0.10463498106776711
microsoft,07-03-2020,0.09592608664984205
microsoft,07-04-2016,0.1296152956280334
microsoft,07-04-2017,0.1498639013408709
microsoft,07-04-2018,0.11982288369893412
microsoft,07-04-2019,0.14341094299409268
microsoft,07-05-2016,0.07908227767602768
microsoft,07-05-2017,0.17373737373737375
microsoft,07-05-2018,0.12853369877491952
microsoft,07-05-2019,0.12265480314997222
microsoft,07-06-2016,0.1599717127697036
microsoft,07-06-2017,0.08249183222458212
microsoft,07-06-2018,0.0719460516992457
microsoft,07-06-2019,0.06906758056758058
microsoft,07-07-2016,0.122437696347287
microsoft,07-07-2017,0.09683450393689505
microsoft,07-07-2018,0.17263578242744912
microsoft,07-07-2019,0.13384312120925385
microsoft,07-08-2016,0.13825558571603372
microsoft,07-08-2017,0.12287727298267834
microsoft,07-08-2018,0.12762181857393162
microsoft,07-08-2019,0.09386068108306575
microsoft,07-09-2016,0.15276516734643558
microsoft,07-09-2017,0.1436153192330848
microsoft,07-09-2018,0.14357138929203328
microsoft,07-09-2019,0.12666101568289495
microsoft,07-10-2016,0.12478011234423854
microsoft,07-10-2017,0.1210672968514542
microsoft,07-10-2018,0.11320843390616117
microsoft,07-10-2019,0.11026083955815798
microsoft,07-11-2016,0.13309772103547068
microsoft,07-11-2017,0.1647537151808144
microsoft,07-11-2018,0.09068278016446998
microsoft,07-11-2019,0.13443746990479097
microsoft,07-12-2016,0.16107982184362052
microsoft,07-12-2017,0.11852665264569673
microsoft,07-12-2018,0.13325571865594268
microsoft,07-12-2019,0.12557590126446058
microsoft,08-01-2016,0.11035521118392233
microsoft,08-01-2017,0.15462052512704688
microsoft,08-01-2018,0.11160113189884338
microsoft,08-01-2019,0.12216677109961603
microsoft,08-01-2020,0.14864968947740534
microsoft,08-02-2016,0.14986084282434187
microsoft,08-02-2017,0.10982549964238786
microsoft,08-02-2018,0.15595708369699995
microsoft,08-02-2019,0.12204921137310784
microsoft,08-02-2020,0.22697360432974242
microsoft,08-03-2016,0.12175478782732381
microsoft,08-03-2017,0.11803677306997352
microsoft,08-03-2018,0.11892545140386174
microsoft,08-03-2019,0.12504326628608806
microsoft,08-03-2020,0.12125952740630772
microsoft,08-04-2016,0.14921913118704008
microsoft,08-04-2017,0.13123523832798026
microsoft,08-04-2018,0.1714435912655389
microsoft,08-04-2019,0.15258548138705472
microsoft,08-05-2016,0.17281685094185092
microsoft,08-05-2017,0.13292179572453278
microsoft,08-05-2018,0.09700370121716993
microsoft,08-05-2019,0.1337165878297797
microsoft,08-06-2016,0.1630249494372871
microsoft,08-06-2017,0.09950975959838361
microsoft,08-06-2018,0.12420091630210135
microsoft,08-06-2019,0.08822579240682689
microsoft,08-07-2016,0.10856582727312748
microsoft,08-07-2017,0.1322245507539625
microsoft,08-07-2018,0.1974416352646872
microsoft,08-07-2019,0.09598197637339438
microsoft,08-08-2016,0.10957097936637579
microsoft,08-08-2017,0.12831595092653153
microsoft,08-08-2018,0.17720830021156306
microsoft,08-08-2019,0.107915760115706
microsoft,08-09-2016,0.1433473629597517
microsoft,08-09-2017,0.16851993437426904
microsoft,08-09-2019,0.08830032013557357
microsoft,08-10-2016,0.15016532293262377
microsoft,08-10-2017,0.1354054409246738
microsoft,08-10-2018,0.10969298240826267
microsoft,08-10-2019,0.13370847672525152
microsoft,08-11-2016,0.14329707854594353
microsoft,08-11-2017,0.14850226118107132
microsoft,08-11-2018,0.143858740938274
microsoft,08-11-2019,0.08389432181045565
microsoft,08-12-2016,0.12445427030465872
microsoft,08-12-2017,0.12380738275146433
microsoft,08-12-2018,0.13481483793983795
microsoft,08-12-2019,0.13237236901030006
microsoft,09-01-2016,0.12005461493360643
microsoft,09-01-2017,0.050563559991519784
microsoft,09-01-2018,0.12596848459398516
microsoft,09-01-2019,0.15122316835275226
microsoft,09-01-2020,0.12064503838176388
microsoft,09-02-2016,0.138041133270285
microsoft,09-02-2017,0.13031010603069695
microsoft,09-02-2018,0.1006395961827252
microsoft,09-02-2019,0.4125
microsoft,09-02-2020,0.11506169430209155
microsoft,09-03-2016,0.1465784612291486
microsoft,09-03-2017,0.12696830073708737
microsoft,09-03-2018,0.1316294830115142
microsoft,09-03-2019,0.11104607171209768
microsoft,09-03-2020,0.058507395226220144
microsoft,09-04-2017,0.1320171058370901
microsoft,09-04-2018,0.136425015704907
microsoft,09-04-2019,0.15570502744976136
microsoft,09-05-2016,0.10965654910674125
microsoft,09-05-2017,0.09018541960873247
microsoft,09-05-2018,0.12907760516531414
microsoft,09-05-2019,0.10014559617206453
microsoft,09-06-2016,0.13388336244824015
microsoft,09-06-2017,0.14532899719426645
microsoft,09-06-2018,0.18285305788541245
microsoft,09-06-2019,0.06311455095830096
microsoft,09-07-2016,0.18456042221667224
microsoft,09-07-2017,0.1572100347100347
microsoft,09-07-2018,0.10440441772363711
microsoft,09-07-2019,0.09658174563206216
microsoft,09-08-2016,0.12381224933907044
microsoft,09-08-2017,0.14233456805164135
microsoft,09-08-2018,0.09206758266855909
microsoft,09-08-2019,0.1152223172500922
microsoft,09-09-2016,0.1315288883805144
microsoft,09-09-2017,0.138770318063321
microsoft,09-09-2018,0.06548298722211765
microsoft,09-09-2019,0.10027885092052455
microsoft,09-10-2016,0.11999253902662993
microsoft,09-10-2017,0.09170025675994592
microsoft,09-10-2018,0.08598854184856725
microsoft,09-10-2019,0.14417560535427418
microsoft,09-11-2016,0.14078151378196752
microsoft,09-11-2017,0.15088020178425973
microsoft,09-11-2018,0.10926231476105037
microsoft,09-11-2019,0.11605405510015078
microsoft,09-12-2016,0.08551316777093905
microsoft,09-12-2017,0.12377447676375256
microsoft,09-12-2018,0.0929519352175602
microsoft,09-12-2019,0.08816604329378559
microsoft,10-01-2016,0.17639018901036763
microsoft,10-01-2017,0.057784887691931824
microsoft,10-01-2018,0.08475616863803745
microsoft,10-01-2019,0.11400154811517202
microsoft,10-01-2020,0.10993854537970549
microsoft,10-02-2016,0.14372142702017102
microsoft,10-02-2017,0.1395036473426451
microsoft,10-02-2018,0.07202038170428975
microsoft,10-02-2019,0.13206107258387295
microsoft,10-02-2020,0.1266744370101329
microsoft,10-03-2016,0.0874039119292657
microsoft,10-03-2017,0.1469565031220972
microsoft,10-03-2018,0.018294372567944358
microsoft,10-03-2019,0.15089237058093624
microsoft,10-03-2020,0.06142376180869026
microsoft,10-04-2016,0.2294767245741271
microsoft,10-04-2017,0.15765243299791107
microsoft,10-04-2018,0.13369394486144373
microsoft,10-04-2019,0.10919236517352213
microsoft,10-05-2016,0.1256166415822836
microsoft,10-05-2017,0.1612555564080701
microsoft,10-05-2018,0.152438250720741
microsoft,10-05-2019,0.11318338141302177
microsoft,10-06-2016,0.12993786981364622
microsoft,10-06-2018,0.08413329489033729
microsoft,10-06-2019,0.1082209785765367
microsoft,10-07-2016,0.15702667430608608
microsoft,10-07-2017,0.14020312509760563
microsoft,10-07-2018,0.11105465699889798
microsoft,10-07-2019,0.139221255840742
microsoft,10-08-2016,0.13487211559846157
microsoft,10-08-2017,0.13446151759498037
microsoft,10-08-2018,0.07222383071319666
microsoft,10-08-2019,0.1442236265224771
microsoft,10-09-2016,0.11275383491167508
microsoft,10-09-2017,0.08371028674425413
microsoft,10-09-2018,0.09952636030493293
microsoft,10-09-2019,0.10687187316651603
microsoft,10-10-2016,0.21340705914189464
microsoft,10-10-2017,0.12849256932889683
microsoft,10-10-2018,0.07620717452089716
microsoft,10-10-2019,0.11899831901349943
microsoft,10-11-2016,0.12001524575746009
microsoft,10-11-2017,0.13044715655395336
microsoft,10-11-2018,0.11120898693772842
microsoft,10-11-2019,0.150901948106979
microsoft,10-12-2016,0.1465105849198591
microsoft,10-12-2017,0.15403589012030017
microsoft,10-12-2018,0.1819173625498578
microsoft,10-12-2019,0.09019993519459854
microsoft,11-01-2016,0.14243271484470144
microsoft,11-01-2017,0.042251845646033834
microsoft,11-01-2018,0.1356628751626402
microsoft,11-01-2019,0.09935141657712451
microsoft,11-01-2020,0.05344047811115481
microsoft,11-02-2016,0.18350622830768507
microsoft,11-02-2017,0.08951433177437643
microsoft,11-02-2018,0.12344807313983885
microsoft,11-02-2019,0.144295083081667
microsoft,11-02-2020,0.10473947092408735
microsoft,11-03-2016,0.10789954274827487
microsoft,11-03-2017,0.1579371945582521
microsoft,11-03-2018,0.1279745190187131
microsoft,11-03-2019,0.11418554444206933
microsoft,11-03-2020,0.08538755048963384
microsoft,11-04-2016,0.13366781362508132
microsoft,11-04-2017,0.07146453218448465
microsoft,11-04-2018,0.14237829876109453
microsoft,11-04-2019,0.08741718991234286
microsoft,11-05-2016,0.09732860428349152
microsoft,11-05-2017,0.10368557380948179
microsoft,11-05-2018,0.12146790802362108
microsoft,11-05-2019,0.2672043010752688
microsoft,11-06-2016,0.1297950619641796
microsoft,11-06-2017,0.13818034362855636
microsoft,11-06-2018,0.10149654454341953
microsoft,11-06-2019,0.11056397299507499
microsoft,11-07-2016,0.15293281768351102
microsoft,11-07-2017,0.13723081896846978
microsoft,11-07-2018,0.12832212662148054
microsoft,11-07-2019,0.11611877266668051
microsoft,11-08-2016,0.1484971253819482
microsoft,11-08-2017,0.11460759318759257
microsoft,11-08-2018,0.06237489867062616
microsoft,11-08-2019,0.1574868139523312
microsoft,11-09-2016,0.0780166689258804
microsoft,11-09-2017,0.13047480801805805
microsoft,11-09-2018,0.03440151228502154
microsoft,11-09-2019,0.12396007890728085
microsoft,11-10-2016,0.14349925386039353
microsoft,11-10-2017,0.1314022077503899
microsoft,11-10-2018,0.11442068377300174
microsoft,11-10-2019,0.089497425048636
microsoft,11-11-2016,0.16632918199156216
microsoft,11-11-2017,0.151721052706797
microsoft,11-11-2018,0.13348352136873007
microsoft,11-11-2019,0.15829572903711658
microsoft,11-12-2016,0.22192663296046755
microsoft,11-12-2017,0.1269663424812764
microsoft,11-12-2018,0.03749033929177471
microsoft,11-12-2019,0.12232787273837105
microsoft,12-01-2016,0.1325339645923259
microsoft,12-01-2017,0.08901044124194869
microsoft,12-01-2018,0.11018200211263221
microsoft,12-01-2019,0.13608587859608265
microsoft,12-01-2020,0.10776148827104476
microsoft,12-02-2016,0.1779744595274007
microsoft,12-02-2017,0.14994982563732565
microsoft,12-02-2018,0.1358827714459465
microsoft,12-02-2019,0.13341237815615523
microsoft,12-02-2020,0.08037973482894295
microsoft,12-03-2016,0.19616258829822658
microsoft,12-03-2017,0.13047635524198026
microsoft,12-03-2018,0.09962426236913505
microsoft,12-03-2019,0.05477786630616088
microsoft,12-03-2020,0.10575438033480318
microsoft,12-04-2016,0.1425219415333011
microsoft,12-04-2017,0.11872927584766867
microsoft,12-04-2018,0.11302212249627375
microsoft,12-04-2019,0.15355846403966966
microsoft,12-05-2016,0.13343187686974095
microsoft,12-05-2017,0.11938420224009268
microsoft,12-05-2018,0.09656617070620829
microsoft,12-05-2019,0.09862778569704254
microsoft,12-06-2016,0.09122305053352815
microsoft,12-06-2017,0.0981128856975817
microsoft,12-06-2018,0.1224294225364074
microsoft,12-06-2019,0.18859922327136716
microsoft,12-07-2016,0.15391478384633875
microsoft,12-07-2017,0.08453909841086239
microsoft,12-07-2018,0.14759285238943998
microsoft,12-07-2019,0.10099912821171866
microsoft,12-08-2016,0.12563091698137097
microsoft,12-08-2017,0.15687766297267158
microsoft,12-08-2018,0.1959586640980503
microsoft,12-08-2019,0.09028291554826266
microsoft,12-09-2016,0.11033105972700574
microsoft,12-09-2017,0.12952170215191047
microsoft,12-09-2018,0.10207542530922147
microsoft,12-09-2019,0.13379971636562896
microsoft,12-10-2016,0.09185002781227371
microsoft,12-10-2017,0.10922424967229305
microsoft,12-10-2018,0.1039953322519349
microsoft,12-10-2019,0.13321158008658007
microsoft,12-11-2016,0.10795750046460276
microsoft,12-11-2017,0.06975399093806801
microsoft,12-11-2018,0.14650770803279473
microsoft,12-11-2019,0.0971327636342444
microsoft,12-12-2016,0.12399265614691617
microsoft,12-12-2017,0.1263408122739415
microsoft,12-12-2018,0.11560619739632576
microsoft,12-12-2019,0.13590285458444165
microsoft,13-01-2016,0.10004903436649264
microsoft,13-01-2017,0.0670286217402915
microsoft,13-01-2019,0.126856487728241
microsoft,13-01-2020,0.049244042693718015
microsoft,13-02-2016,0.03757127894201759
microsoft,13-02-2017,0.15191187215351376
microsoft,13-02-2018,0.15701493372868
microsoft,13-02-2019,0.09159364401815384
microsoft,13-02-2020,0.1258689458352767
microsoft,13-03-2016,0.12794926303854876
microsoft,13-03-2017,0.1579891855287422
microsoft,13-03-2018,0.14354285577930456
microsoft,13-03-2019,0.09112325782129678
microsoft,13-03-2020,0.12786203880470046
microsoft,13-04-2016,0.1701007562408432
microsoft,13-04-2017,0.10586618941874623
microsoft,13-04-2018,0.059762965159100026
microsoft,13-04-2019,0.21428571428571427
microsoft,13-05-2016,0.05800746765181777
microsoft,13-05-2017,0.06798189334121701
microsoft,13-05-2018,0.19333333333333336
microsoft,13-05-2019,0.12608130882824511
microsoft,13-06-2016,0.10232683861219215
microsoft,13-06-2017,0.10950124331632109
microsoft,13-06-2018,0.1674462981139631
microsoft,13-06-2019,0.15072651157511072
microsoft,13-07-2016,0.13871674664592032
microsoft,13-07-2017,0.11888969183835887
microsoft,13-07-2018,0.13081861486558466
microsoft,13-07-2019,0.13255171372652302
microsoft,13-08-2016,0.16134804572028671
microsoft,13-08-2017,0.07972472743306078
microsoft,13-08-2018,0.09066354783836668
microsoft,13-08-2019,0.10257516655050669
microsoft,13-09-2016,0.11140151267561406
microsoft,13-09-2017,0.1473603294355655
microsoft,13-09-2018,0.1022364364695543
microsoft,13-09-2019,0.11319451032576544
microsoft,13-10-2016,0.15487816320525602
microsoft,13-10-2017,0.15602623441821425
microsoft,13-10-2018,0.10464306238704485
microsoft,13-10-2019,0.16838754810004813
microsoft,13-11-2016,0.11513347763347764
microsoft,13-11-2017,0.12410438164492946
microsoft,13-11-2018,0.1370219292150876
microsoft,13-11-2019,0.09999492728210888
microsoft,13-12-2016,0.12935275124133475
microsoft,13-12-2017,0.20213134425334486
microsoft,13-12-2018,0.09550021234785741
microsoft,13-12-2019,0.12125629556236173
microsoft,14-01-2016,0.08695121078807508
microsoft,14-01-2017,0.05162415362415363
microsoft,14-01-2018,0.18638424710728638
microsoft,14-01-2019,0.1535564959900183
microsoft,14-01-2020,0.12538847006340365
microsoft,14-02-2016,0.12070549881007396
microsoft,14-02-2017,0.10383188317293188
microsoft,14-02-2018,0.11717877322705093
microsoft,14-02-2019,0.08597605777735705
microsoft,14-02-2020,0.1483977989087018
microsoft,14-03-2016,0.10489500484447827
microsoft,14-03-2017,0.12143398364279376
microsoft,14-03-2018,0.14116635398331825
microsoft,14-03-2019,0.07658150850462582
microsoft,14-03-2020,0.10439668883539374
microsoft,14-04-2016,0.1450331228568733
microsoft,14-04-2017,0.14003395587829462
microsoft,14-04-2018,0.09764822045612488
microsoft,14-04-2019,0.04327930543590744
microsoft,14-05-2016,0.1361172281204966
microsoft,14-05-2017,0.11742533524235416
microsoft,14-05-2018,0.12341377333157419
microsoft,14-05-2019,0.09809557891419915
microsoft,14-06-2016,0.09919343908433206
microsoft,14-06-2017,0.10075597350917961
microsoft,14-06-2018,0.07682332327774773
microsoft,14-06-2019,0.12675660146385276
microsoft,14-07-2016,0.11184052364370053
microsoft,14-07-2017,0.10718741301881043
microsoft,14-07-2018,0.13188248025615049
microsoft,14-07-2019,0.13074173797084016
microsoft,14-08-2016,0.19586438032526993
microsoft,14-08-2017,0.10093085316758645
microsoft,14-08-2018,0.0878068182423894
microsoft,14-08-2019,0.12268398923405512
microsoft,14-09-2016,0.15360664924263204
microsoft,14-09-2017,0.14967293001086981
microsoft,14-09-2018,0.11838357118403749
microsoft,14-09-2019,0.08529722942203354
microsoft,14-10-2016,0.125192323302041
microsoft,14-10-2017,0.08146264229589109
microsoft,14-10-2018,0.0379782339292306
microsoft,14-10-2019,0.09856669556291282
microsoft,14-11-2016,0.10700152928671762
microsoft,14-11-2017,0.08815765297296531
microsoft,14-11-2018,0.07874728959238528
microsoft,14-11-2019,0.12770948798913426
microsoft,14-12-2016,0.11293791707604459
microsoft,14-12-2017,0.13447978359990226
microsoft,14-12-2018,0.14671757378215655
microsoft,14-12-2019,0.11841721547400688
microsoft,15-01-2016,0.16654859346649126
microsoft,15-01-2017,0.13202041336889822
microsoft,15-01-2018,0.10433622739763222
microsoft,15-01-2019,0.13564002811154058
microsoft,15-01-2020,0.18215310085600125
microsoft,15-02-2016,0.10590599876314163
microsoft,15-02-2017,0.12165910847951494
microsoft,15-02-2018,0.14570884382768742
microsoft,15-02-2019,0.0797273943254245
microsoft,15-02-2020,0.07689693107218894
microsoft,15-03-2016,0.11672520460204283
microsoft,15-03-2017,0.11383247941876598
microsoft,15-03-2018,0.10347727603709898
microsoft,15-03-2019,0.1430927578689066
microsoft,15-03-2020,0.11903645062767707
microsoft,15-04-2016,0.16272960242415552
microsoft,15-04-2017,0.19846711972667858
microsoft,15-04-2018,0.15535845558762226
microsoft,15-04-2019,0.06216838671064092
microsoft,15-05-2016,0.10953734261557954
microsoft,15-05-2017,0.14595250857837674
microsoft,15-05-2018,0.12403250781046923
microsoft,15-05-2019,0.09019932414927816
microsoft,15-06-2016,0.13410028753749026
microsoft,15-06-2017,0.12891742267282713
microsoft,15-06-2018,0.13130703861822754
microsoft,15-06-2019,0.10010599325839048
microsoft,15-07-2016,0.10885284447391806
microsoft,15-07-2017,0.08568676946425643
microsoft,15-07-2018,0.09690388440388441
microsoft,15-07-2019,0.10692216342062556
microsoft,15-08-2016,0.202615599313469
microsoft,15-08-2017,0.06531791954265352
microsoft,15-08-2018,0.17105412263204584
microsoft,15-08-2019,0.10557781380924496
microsoft,15-09-2016,0.09979168356494562
microsoft,15-09-2017,0.11973872548153967
microsoft,15-09-2018,0.11835873405873405
microsoft,15-09-2019,0.11801333550672176
microsoft,15-10-2016,0.1371042847225712
microsoft,15-10-2017,0.15097678170594836
microsoft,15-10-2018,0.11699199915567694
microsoft,15-10-2019,0.15628011463027686
microsoft,15-11-2016,0.10971888070234218
microsoft,15-11-2017,0.08490426744806796
microsoft,15-11-2018,0.15161153680383713
microsoft,15-11-2019,0.0981576938150374
microsoft,15-12-2016,0.11247161381709993
microsoft,15-12-2017,0.13084869596043833
microsoft,15-12-2018,0.12696117424242426
microsoft,15-12-2019,0.1274380367156341
microsoft,16-01-2016,0.10861208739812096
microsoft,16-01-2017,0.08384421280547619
microsoft,16-01-2018,0.11470159966923014
microsoft,16-01-2019,0.13815131361682015
microsoft,16-01-2020,0.10855905573275809
microsoft,16-02-2016,0.10899158795096667
microsoft,16-02-2017,0.13000074969324987
microsoft,16-02-2018,0.1407241217344321
microsoft,16-02-2019,0.13284796066035454
microsoft,16-02-2020,0.15782058364111506
microsoft,16-03-2016,0.11625022662280424
microsoft,16-03-2017,0.09296223271309678
microsoft,16-03-2018,0.11068774167786641
microsoft,16-03-2019,0.1649145992895993
microsoft,16-03-2020,0.09235640519503789
microsoft,16-04-2016,0.10686030693843195
microsoft,16-04-2017,0.06601806347830251
microsoft,16-04-2018,0.12108696053969902
microsoft,16-04-2019,0.10079765870678985
microsoft,16-05-2016,0.11407310038764476
microsoft,16-05-2017,0.0932404310806294
microsoft,16-05-2018,0.09161487465909861
microsoft,16-05-2019,0.12480275758360408
microsoft,16-06-2016,0.1589787062359043
microsoft,16-06-2017,0.12469501393367702
microsoft,16-06-2018,0.11378840585821104
microsoft,16-06-2019,0.14386040854294824
microsoft,16-07-2016,0.14314064723155634
microsoft,16-07-2017,0.1857069818486232
microsoft,16-07-2018,0.1689313189867963
microsoft,16-07-2019,0.1407401854722945
microsoft,16-08-2016,0.11874467018017094
microsoft,16-08-2017,0.1436977249591439
microsoft,16-08-2018,0.15782248808604246
microsoft,16-08-2019,0.10395255679900094
microsoft,16-09-2016,0.11259523194018461
microsoft,16-09-2017,0.16044295856624996
microsoft,16-09-2018,0.17500264361059817
microsoft,16-09-2019,0.08221192118670352
microsoft,16-10-2016,0.11757370035556311
microsoft,16-10-2017,0.09506009366161251
microsoft,16-10-2018,0.17035892776580067
microsoft,16-10-2019,0.13667874918961878
microsoft,16-11-2016,0.1255766089051148
microsoft,16-11-2017,0.08927046160148583
microsoft,16-11-2018,0.11168076143438688
microsoft,16-11-2019,0.10103886647091657
microsoft,16-12-2016,0.09698587518560343
microsoft,16-12-2017,0.15918615400265107
microsoft,16-12-2018,0.12201238576238577
microsoft,16-12-2019,0.1074029664035941
microsoft,17-01-2016,0.03857663964139692
microsoft,17-01-2017,0.07273727063481587
microsoft,17-01-2018,0.13013344912790406
microsoft,17-01-2019,0.12063382375967449
microsoft,17-01-2020,0.07170064092655455
microsoft,17-02-2016,0.1288598298980196
microsoft,17-02-2017,0.1322636303143847
microsoft,17-02-2018,0.15508085084115425
microsoft,17-02-2019,0.14114325121313293
microsoft,17-02-2020,0.10651479301956034
microsoft,17-03-2016,0.15288950144895233
microsoft,17-03-2017,0.12140383910798667
microsoft,17-03-2018,0.14828187292764367
microsoft,17-03-2019,0.22425462609286137
microsoft,17-03-2020,0.16249835900326098
microsoft,17-04-2016,0.22334595614049638
microsoft,17-04-2017,0.14643449857634333
microsoft,17-04-2018,0.08520090961946332
microsoft,17-04-2019,0.07092323980529341
microsoft,17-05-2016,0.15263521827701054
microsoft,17-05-2017,0.19897389377367036
microsoft,17-05-2018,0.13292937805847632
microsoft,17-05-2019,0.11292189938785333
microsoft,17-06-2016,0.15745469040009186
microsoft,17-06-2017,0.13906110542655997
microsoft,17-06-2018,0.03924857821916645
microsoft,17-06-2019,0.12223395254177735
microsoft,17-07-2016,0.1034920634920635
microsoft,17-07-2017,0.15852436418047453
microsoft,17-07-2018,0.15581745477279318
microsoft,17-07-2019,0.16169446854400557
microsoft,17-08-2016,0.09387526180771795
microsoft,17-08-2017,0.2001762491159713
microsoft,17-08-2018,0.10965038597361908
microsoft,17-08-2019,0.0760599526270339
microsoft,17-09-2016,0.16358860953305396
microsoft,17-09-2017,0.1807515429561843
microsoft,17-09-2018,0.08596498347463806
microsoft,17-09-2019,0.10686508187015745
microsoft,17-10-2016,0.1343169486279574
microsoft,17-10-2017,0.15723387146292842
microsoft,17-10-2018,0.10148425040694148
microsoft,17-10-2019,0.10636308764238081
microsoft,17-11-2016,0.10692368476551642
microsoft,17-11-2017,0.13746922532931977
microsoft,17-11-2018,0.07450999339129592
microsoft,17-11-2019,0.09513644144526497
microsoft,17-12-2016,0.24689727360181904
microsoft,17-12-2017,0.10919695555951722
microsoft,17-12-2018,0.09826137514381561
microsoft,17-12-2019,0.04536650878859811
microsoft,18-01-2016,0.11731576261846295
microsoft,18-01-2017,0.13124819171739838
microsoft,18-01-2018,0.11710964945923914
microsoft,18-01-2019,0.0944289225062745
microsoft,18-01-2020,0.06757019362178092
microsoft,18-02-2016,0.08724574819466858
microsoft,18-02-2017,0.09557361106543011
microsoft,18-02-2018,0.09044972503168602
microsoft,18-02-2019,0.10932724898119045
microsoft,18-02-2020,0.14259630095738915
microsoft,18-03-2016,0.1401703792967494
microsoft,18-03-2017,0.1715084917053002
microsoft,18-03-2018,0.12113689808134254
microsoft,18-03-2019,0.14667773504247164
microsoft,18-03-2020,0.09939085327727444
microsoft,18-04-2016,0.15345475969663033
microsoft,18-04-2017,0.16078048015327523
microsoft,18-04-2018,0.16649040278742305
microsoft,18-04-2019,0.11811862507077138
microsoft,18-05-2016,0.0952742750780816
microsoft,18-05-2017,0.10417688108673925
microsoft,18-05-2018,0.10250697283143143
microsoft,18-05-2019,0.17002594108933397
microsoft,18-06-2016,0.06491929684227309
microsoft,18-06-2017,0.22
microsoft,18-06-2018,0.15805542060291275
microsoft,18-06-2019,0.07865686169339889
microsoft,18-07-2016,0.15827638940085753
microsoft,18-07-2017,0.11772907541751725
microsoft,18-07-2018,0.1300662005228332
microsoft,18-07-2019,0.0943357691223912
microsoft,18-08-2016,0.14423906572388762
microsoft,18-08-2017,0.13954625667151907
microsoft,18-08-2018,0.13379840672684987
microsoft,18-08-2019,0.13391403328903329
microsoft,18-09-2016,0.14035743378485316
microsoft,18-09-2017,0.10187813852000069
microsoft,18-09-2018,0.09985984487806192
microsoft,18-09-2019,0.1318919108733744
microsoft,18-10-2016,0.09490838128164075
microsoft,18-10-2017,0.1121337745267968
microsoft,18-10-2018,0.1085550916098152
microsoft,18-10-2019,0.11872504601819056
microsoft,18-11-2016,0.14539496916047107
microsoft,18-11-2017,0.12658603088955472
microsoft,18-11-2018,0.10307940516273854
microsoft,18-11-2019,0.12471386037368515
microsoft,18-12-2016,0.1065554956167071
microsoft,18-12-2017,0.11656254950853656
microsoft,18-12-2018,0.09747866224240877
microsoft,18-12-2019,0.09536071839795386
microsoft,19-01-2016,0.10783446907157315
microsoft,19-01-2017,0.12501228921636118
microsoft,19-01-2018,0.06327637992387711
microsoft,19-01-2019,0.1206890492449737
microsoft,19-01-2020,0.10972824512150355
microsoft,19-02-2016,0.14218844413818277
microsoft,19-02-2017,0.13726763657798138
microsoft,19-02-2018,0.08462613181278668
microsoft,19-02-2019,0.1374277626316207
microsoft,19-02-2020,0.14775110640923156
microsoft,19-03-2016,-0.020908399470899463
microsoft,19-03-2017,0.0901293757574196
microsoft,19-03-2018,0.18303787861977516
microsoft,19-03-2019,0.14688113673327158
microsoft,19-03-2020,0.14128444799168866
microsoft,19-04-2016,0.15181522356560462
microsoft,19-04-2017,0.12926754701683457
microsoft,19-04-2018,0.11321426034081646
microsoft,19-04-2019,0.14929009724930112
microsoft,19-05-2016,0.10080437452758881
microsoft,19-05-2017,0.1065353821588178
microsoft,19-05-2018,0.13973693731236836
microsoft,19-05-2019,0.0
microsoft,19-06-2016,0.15749504874413534
microsoft,19-06-2017,0.1428088766103275
microsoft,19-06-2018,0.1525930530645007
microsoft,19-06-2019,0.16748826142426468
microsoft,19-07-2016,0.1251163152591369
microsoft,19-07-2017,0.1114160449598453
microsoft,19-07-2018,0.11226552472693256
microsoft,19-07-2019,0.10912462081655354
microsoft,19-08-2016,0.11716718847391114
microsoft,19-08-2017,0.20611143981598526
microsoft,19-08-2018,0.10926090890901814
microsoft,19-08-2019,0.11480760002148177
microsoft,19-09-2016,0.05142194831750754
microsoft,19-09-2017,0.07183109382112257
microsoft,19-09-2018,0.1260168497553564
microsoft,19-09-2019,0.10571608483883194
microsoft,19-10-2016,0.11934550238513708
microsoft,19-10-2017,0.06690290092963441
microsoft,19-10-2018,0.10852403910551094
microsoft,19-10-2019,0.16541748605391896
microsoft,19-11-2016,0.12345147907647909
microsoft,19-11-2017,0.30194991789819375
microsoft,19-11-2018,0.19558252850712088
microsoft,19-11-2019,0.12105326953291594
microsoft,19-12-2016,0.14771389914127692
microsoft,19-12-2017,0.13938436686937075
microsoft,19-12-2018,0.08303638523124765
microsoft,19-12-2019,0.10763975599577959
microsoft,20-01-2016,0.12350087207991021
microsoft,20-01-2017,0.1297903380908007
microsoft,20-01-2018,0.13670732842307276
microsoft,20-01-2019,0.11126373923228866
microsoft,20-01-2020,0.13702001732652005
microsoft,20-02-2016,0.08725645993791155
microsoft,20-02-2017,0.1090778733682019
microsoft,20-02-2018,0.11110991641835799
microsoft,20-02-2019,0.11261307646580909
microsoft,20-02-2020,0.136808596045373
microsoft,20-03-2016,0.0412674130908868
microsoft,20-03-2017,0.13166210950922216
microsoft,20-03-2018,0.12837838655987752
microsoft,20-03-2019,0.14171713831755445
microsoft,20-03-2020,0.1039184279434087
microsoft,20-04-2016,0.1337667666061108
microsoft,20-04-2017,0.160559100636715
microsoft,20-04-2018,0.10885901464464562
microsoft,20-04-2019,0.10647796451209095
microsoft,20-05-2016,0.10115741454160745
microsoft,20-05-2017,0.13134412863824624
microsoft,20-05-2018,0.13234105406174662
microsoft,20-05-2019,0.15187598026369203
microsoft,20-06-2016,0.10238025305336759
microsoft,20-06-2017,0.13374367798040948
microsoft,20-06-2018,0.094530880136642
microsoft,20-06-2019,0.08079603432122764
microsoft,20-07-2016,0.12250026271445295
microsoft,20-07-2017,0.14759525708823762
microsoft,20-07-2018,0.1477949700579333
microsoft,20-07-2019,0.18863636363636363
microsoft,20-08-2016,0.16643108867101467
microsoft,20-08-2017,0.0806242366141102
microsoft,20-08-2018,0.09134247264825993
microsoft,20-08-2019,0.17428416107447747
microsoft,20-09-2016,0.12919468837305734
microsoft,20-09-2017,0.13766527744166968
microsoft,20-09-2018,0.13113333528764737
microsoft,20-09-2019,0.1347932601683491
microsoft,20-10-2016,0.12022118680621524
microsoft,20-10-2017,0.16464185643721824
microsoft,20-10-2018,0.23770558234657496
microsoft,20-10-2019,0.054000435190911376
microsoft,20-11-2016,0.17743816038170754
microsoft,20-11-2017,0.11691127994102227
microsoft,20-11-2018,0.10997390013567247
microsoft,20-11-2019,0.12716223597599977
microsoft,20-12-2016,0.15321878409092937
microsoft,20-12-2017,0.17263614841472327
microsoft,20-12-2018,0.10586826219225647
microsoft,20-12-2019,0.07613789419719685
microsoft,21-01-2016,0.13327813054106208
microsoft,21-01-2017,0.09096861471861473
microsoft,21-01-2018,0.2044328308651225
microsoft,21-01-2019,0.14157672330722076
microsoft,21-01-2020,0.17381093428851715
microsoft,21-02-2016,0.1525825975436907
microsoft,21-02-2017,0.08870061249699082
microsoft,21-02-2018,0.1057274200675939
microsoft,21-02-2019,0.10904819097899454
microsoft,21-02-2020,0.14822992031683116
microsoft,21-03-2016,0.042847235812716204
microsoft,21-03-2017,0.09525970262968782
microsoft,21-03-2018,0.05819826612808229
microsoft,21-03-2019,0.10783186586345458
microsoft,21-03-2020,0.13507972709133712
microsoft,21-04-2016,0.1359785770298097
microsoft,21-04-2017,0.1054463820219745
microsoft,21-04-2018,0.11657196969696969
microsoft,21-04-2019,0.07576746032096411
microsoft,21-05-2016,0.09980135050778631
microsoft,21-05-2017,0.12160398717884185
microsoft,21-05-2018,0.12442257953106303
microsoft,21-05-2019,0.14371474841434603
microsoft,21-06-2016,0.15770263303478965
microsoft,21-06-2017,0.1025872631383857
microsoft,21-06-2018,0.15493438635010987
microsoft,21-06-2019,0.11792121386388674
microsoft,21-07-2016,0.1289967317817295
microsoft,21-07-2017,0.13685141746560764
microsoft,21-07-2018,0.14217484721161194
microsoft,21-07-2019,0.08005321067821068
microsoft,21-08-2016,0.1681811162501021
microsoft,21-08-2017,0.1428238773932075
microsoft,21-08-2018,0.10128982438574277
microsoft,21-08-2019,0.15176362419658307
microsoft,21-09-2016,0.14326410517798896
microsoft,21-09-2017,0.1197550850375805
microsoft,21-09-2018,0.14003525043146806
microsoft,21-09-2019,0.13285541183030786
microsoft,21-10-2016,0.09194872172903187
microsoft,21-10-2017,0.19151228147969057
microsoft,21-10-2018,0.08253968253968252
microsoft,21-10-2019,0.10074081087499673
microsoft,21-11-2016,0.15420716868633538
microsoft,21-11-2017,0.10316784375217122
microsoft,21-11-2018,0.1373398626029287
microsoft,21-11-2019,0.09691642406428222
microsoft,21-12-2016,0.09745722290829592
microsoft,21-12-2017,0.08788556490937445
microsoft,21-12-2018,0.13263533312921547
microsoft,21-12-2019,0.15391824393234166
microsoft,22-01-2016,0.16153070290896981
microsoft,22-01-2017,0.10671658371690304
microsoft,22-01-2018,0.10699641606233898
microsoft,22-01-2019,0.10106654385996895
microsoft,22-01-2020,0.15368870330731507
microsoft,22-02-2016,0.17015779158442204
microsoft,22-02-2017,0.12454164260074238
microsoft,22-02-2018,0.1284652856150397
microsoft,22-02-2019,0.10476309934752978
microsoft,22-02-2020,0.14126698517043162
microsoft,22-03-2016,0.17637905004807627
microsoft,22-03-2017,0.12158510204722324
microsoft,22-03-2018,0.1508662097538781
microsoft,22-03-2019,0.10045700475641141
microsoft,22-03-2020,0.14099439464770422
microsoft,22-04-2016,0.10021021882196997
microsoft,22-04-2017,0.10462471242994328
microsoft,22-04-2018,0.17146546635183002
microsoft,22-04-2019,0.08883003998140948
microsoft,22-05-2016,0.10243085010761777
microsoft,22-05-2017,0.1606054511855191
microsoft,22-05-2018,0.14556999181298055
microsoft,22-05-2019,0.10435829049230984
microsoft,22-06-2016,0.14494070318098615
microsoft,22-06-2017,0.10504196570283622
microsoft,22-06-2018,0.1279812383965078
microsoft,22-06-2019,0.13760023436366922
microsoft,22-07-2016,0.13603923977799176
microsoft,22-07-2017,0.027682014954742224
microsoft,22-07-2018,0.14011265432098766
microsoft,22-07-2019,0.04335700957356868
microsoft,22-08-2016,0.1388685887592174
microsoft,22-08-2017,0.10185723580620609
microsoft,22-08-2018,0.10974217956288711
microsoft,22-08-2019,0.14924713421621624
microsoft,22-09-2016,0.1348230822717035
microsoft,22-09-2017,0.13087976222280032
microsoft,22-09-2018,0.05750321399407776
microsoft,22-09-2019,0.09565767170421735
microsoft,22-10-2016,0.14596957302522864
microsoft,22-10-2017,0.12894558961277228
microsoft,22-10-2018,0.15627535416929375
microsoft,22-10-2019,0.11646217489499858
microsoft,22-11-2016,0.09684909604535183
microsoft,22-11-2017,0.1709668539590455
microsoft,22-11-2018,0.06300569346512552
microsoft,22-11-2019,0.05979934632476634
microsoft,22-12-2016,0.11255137810082978
microsoft,22-12-2017,0.1275271089283563
microsoft,22-12-2018,0.1556177293227833
microsoft,23-01-2016,0.14050802139037433
microsoft,23-01-2017,0.08355106855934055
microsoft,23-01-2018,0.07403151765065673
microsoft,23-01-2019,0.0781261801355993
microsoft,23-01-2020,0.12923741088812318
microsoft,23-02-2016,0.11112342519249031
microsoft,23-02-2017,0.11232988196610859
microsoft,23-02-2018,0.1549506472059475
microsoft,23-02-2019,0.07285765791200574
microsoft,23-02-2020,0.11686394464121737
microsoft,23-03-2016,0.1431841099747859
microsoft,23-03-2017,0.11200862572014289
microsoft,23-03-2018,0.08276666476790619
microsoft,23-03-2019,0.1400405201919201
microsoft,23-03-2020,0.1053445678128081
microsoft,23-04-2016,0.14304484945664786
microsoft,23-04-2017,0.14207453363802572
microsoft,23-04-2018,0.07323114563817786
microsoft,23-04-2019,0.1127744616551174
microsoft,23-05-2016,0.13211477647309547
microsoft,23-05-2017,0.16030194887485694
microsoft,23-05-2018,0.14311730726722197
microsoft,23-05-2019,0.1275839369298802
microsoft,23-06-2016,0.12991329636096532
microsoft,23-06-2017,0.17108631307835484
microsoft,23-06-2018,0.09357866106580565
microsoft,23-06-2019,0.15889226219877883
microsoft,23-07-2016,0.15194114359030328
microsoft,23-07-2017,0.21944444444444447
microsoft,23-07-2018,0.14206432360512875
microsoft,23-07-2019,0.0968479999624555
microsoft,23-08-2016,0.1375792459904169
microsoft,23-08-2017,0.13506256080445
microsoft,23-08-2018,0.09781797102273855
microsoft,23-08-2019,0.1402608785185481
microsoft,23-09-2016,0.1716045193296787
microsoft,23-09-2017,0.07765973875599545
microsoft,23-09-2018,0.14508594582558199
microsoft,23-09-2019,0.07988249050986615
microsoft,23-10-2016,0.18586051976084356
microsoft,23-10-2017,0.11576593721618916
microsoft,23-10-2018,0.11970869455498834
microsoft,23-10-2019,0.1409332748346126
microsoft,23-11-2016,0.17176776585387085
microsoft,23-11-2017,0.17595874255682267
microsoft,23-11-2018,0.18011584097209443
microsoft,23-11-2019,0.1716336022424631
microsoft,23-12-2016,0.12206836980544344
microsoft,23-12-2017,0.11223444567980088
microsoft,23-12-2018,0.1187293939383689
microsoft,23-12-2019,0.14189386411166843
microsoft,24-01-2016,0.026221118997281787
microsoft,24-01-2017,0.12329146775177954
microsoft,24-01-2018,0.1199133662947243
microsoft,24-01-2019,0.1442130638586141
microsoft,24-01-2020,0.11738307901860368
microsoft,24-02-2016,0.1339769301669211
microsoft,24-02-2017,0.1301426960084969
microsoft,24-02-2018,0.14325290151903056
microsoft,24-02-2019,0.14220158474695455
microsoft,24-02-2020,0.15057487514248516
microsoft,24-03-2016,0.09313692713904234
microsoft,24-03-2017,0.09951668679799812
microsoft,24-03-2018,0.17681514359823186
microsoft,24-03-2019,0.14100560293229467
microsoft,24-03-2020,0.10171093545708637
microsoft,24-04-2016,0.1301578712292998
microsoft,24-04-2017,0.11786870821784098
microsoft,24-04-2018,0.13892181846576984
microsoft,24-04-2019,0.1249337777880013
microsoft,24-05-2016,0.12547596266277256
microsoft,24-05-2017,0.12800793885892142
microsoft,24-05-2018,0.08956657748671007
microsoft,24-05-2019,0.10546964700720728
microsoft,24-06-2016,0.06923458374543809
microsoft,24-06-2017,0.08590532112895806
microsoft,24-06-2018,0.12647631193762146
microsoft,24-06-2019,0.14455447423815856
microsoft,24-07-2016,0.1098664678801665
microsoft,24-07-2017,0.14893112347031867
microsoft,24-07-2018,0.06660918072345597
microsoft,24-07-2019,0.10721379796241093
microsoft,24-08-2016,0.15293612984114321
microsoft,24-08-2017,0.15711625468200688
microsoft,24-08-2018,0.12320701193329811
microsoft,24-08-2019,0.22443888970877607
microsoft,24-09-2016,0.10983986960886065
microsoft,24-09-2017,0.061523860245145674
microsoft,24-09-2018,0.16671662987191857
microsoft,24-09-2019,0.11169677605058448
microsoft,24-10-2016,0.10934633546017476
microsoft,24-10-2017,0.1256787118587929
microsoft,24-10-2018,0.14090417454929757
microsoft,24-10-2019,0.08967056660382931
microsoft,24-11-2016,0.12194407931859269
microsoft,24-11-2017,0.1798039301542605
microsoft,24-11-2018,0.1004776936026936
microsoft,24-11-2019,0.08153706835073934
microsoft,24-12-2016,0.12139596514596515
microsoft,24-12-2017,0.12762376512376514
microsoft,24-12-2018,0.09890481904926349
microsoft,24-12-2019,0.16737043366680923
microsoft,25-01-2016,0.09615905754144058
microsoft,25-01-2017,0.07878832502893697
microsoft,25-01-2018,0.1336667379194912
microsoft,25-01-2019,0.11797157735049672
microsoft,25-01-2020,0.13592868267339167
microsoft,25-02-2016,0.11426281636812445
microsoft,25-02-2017,0.10030350957654045
microsoft,25-02-2018,0.12464693404543079
microsoft,25-02-2019,0.1315418345785113
microsoft,25-02-2020,0.1237022459333548
microsoft,25-03-2016,0.09224297961063513
microsoft,25-03-2017,0.12364126592936131
microsoft,25-03-2018,0.06992940771349862
microsoft,25-03-2019,0.09216357902282453
microsoft,25-03-2020,0.12510544403027402
microsoft,25-04-2016,0.11414007878947428
microsoft,25-04-2017,0.14182765869314787
microsoft,25-04-2018,0.1199506954163462
microsoft,25-04-2019,0.09693722961304652
microsoft,25-05-2016,0.12431153867088253
microsoft,25-05-2017,0.10779207337680331
microsoft,25-05-2018,0.15597940157282858
microsoft,25-05-2019,0.11163497217068645
microsoft,25-06-2016,0.3210858585858586
microsoft,25-06-2017,0.12403717704064253
microsoft,25-06-2018,0.12057454726897317
microsoft,25-06-2019,0.1404588507252252
microsoft,25-07-2016,0.09854610078588305
microsoft,25-07-2017,0.1937689099849426
microsoft,25-07-2018,0.11901037688672852
microsoft,25-07-2019,0.12633519257340906
microsoft,25-08-2016,0.13007083911884978
microsoft,25-08-2017,0.13969876271786041
microsoft,25-08-2018,0.1981702960051644
microsoft,25-08-2019,0.09721039549496996
microsoft,25-09-2016,0.15081703974879995
microsoft,25-09-2017,0.16839383114483625
microsoft,25-09-2018,0.1273897471591482
microsoft,25-09-2019,0.13901087983521662
microsoft,25-10-2016,0.11210662576037307
microsoft,25-10-2017,0.11121020480284592
microsoft,25-10-2018,0.10358993370211515
microsoft,25-10-2019,0.12446806976957835
microsoft,25-11-2016,0.13637132785644693
microsoft,25-11-2017,0.1535863765863766
microsoft,25-11-2018,0.09202380952380952
microsoft,25-11-2019,0.1644892694555316
microsoft,25-12-2016,0.1766822131232404
microsoft,25-12-2017,0.13056280491994776
microsoft,25-12-2018,0.14086290393108578
microsoft,25-12-2019,0.06365118702219766
microsoft,26-01-2016,0.10439637638438323
microsoft,26-01-2017,0.11049047056350134
microsoft,26-01-2018,0.09714334289147297
microsoft,26-01-2019,0.19245892995892994
microsoft,26-01-2020,0.11390949628878946
microsoft,26-02-2016,0.09020868908722043
microsoft,26-02-2017,0.11106476856476855
microsoft,26-02-2018,0.10556642702857727
microsoft,26-02-2019,0.12139673316977523
microsoft,26-02-2020,0.09871738134665867
microsoft,26-03-2016,0.077529417098145
microsoft,26-03-2017,0.17978896103896103
microsoft,26-03-2018,0.08040777911801883
microsoft,26-03-2019,0.13463493703733645
microsoft,26-03-2020,0.08563926020178897
microsoft,26-04-2016,0.0855928456101597
microsoft,26-04-2017,0.11725069751859336
microsoft,26-04-2018,0.09916046462839473
microsoft,26-04-2019,0.08732625013475326
microsoft,26-05-2016,0.13682012330552634
microsoft,26-05-2017,0.12235428519186675
microsoft,26-05-2018,0.16875716195569135
microsoft,26-05-2019,0.2304981203007519
microsoft,26-06-2016,0.1605258938592272
microsoft,26-06-2017,0.11378133694003016
microsoft,26-06-2018,0.11835980793220181
microsoft,26-06-2019,0.031203179142300037
microsoft,26-07-2016,0.12640227525451717
microsoft,26-07-2017,0.11271708249025218
microsoft,26-07-2018,0.12755467233204967
microsoft,26-07-2019,0.13632364679457068
microsoft,26-08-2016,0.06867297712107308
microsoft,26-08-2017,0.1898810911934097
microsoft,26-08-2018,0.2437524063845903
microsoft,26-08-2019,0.07762149420179071
microsoft,26-09-2016,0.15151484942027288
microsoft,26-09-2017,0.14862285188838087
microsoft,26-09-2018,0.14713866075626225
microsoft,26-09-2019,0.14558319773029013
microsoft,26-10-2016,0.1424667875589754
microsoft,26-10-2017,0.10240313591746174
microsoft,26-10-2018,0.17954849568610534
microsoft,26-10-2019,0.15511712312180798
microsoft,26-11-2016,0.14541729886399005
microsoft,26-11-2017,0.1380972408708305
microsoft,26-11-2018,0.10280765180611616
microsoft,26-11-2019,0.09165422875766825
microsoft,26-12-2016,0.13463534899196664
microsoft,26-12-2017,0.11277474479527881
microsoft,26-12-2018,0.07548905062145296
microsoft,26-12-2019,0.11137333310403753
microsoft,27-01-2016,0.12689570076551285
microsoft,27-01-2017,0.11956466529792883
microsoft,27-01-2018,0.12016887477601765
microsoft,27-01-2019,0.0808312061509636
microsoft,27-01-2020,0.1273387691829601
microsoft,27-02-2016,0.16045349977928935
microsoft,27-02-2017,0.12068222977144878
microsoft,27-02-2018,0.1132028011854939
microsoft,27-02-2019,0.09672384882518205
microsoft,27-02-2020,0.05781806842734194
microsoft,27-03-2016,0.10817854116583503
microsoft,27-03-2017,0.0770357470963473
microsoft,27-03-2018,0.07078900027909378
microsoft,27-03-2019,0.09001987645105787
microsoft,27-03-2020,0.14673945680796013
microsoft,27-04-2016,0.12618121272466576
microsoft,27-04-2017,0.08795528798406113
microsoft,27-04-2018,0.15339084872605124
microsoft,27-04-2019,0.16413716192330646
microsoft,27-05-2016,0.08392500039952003
microsoft,27-05-2017,0.11310930735930738
microsoft,27-05-2018,0.10890692640692642
microsoft,27-05-2019,0.10675239397848485
microsoft,27-06-2016,0.08998500206728696
microsoft,27-06-2017,0.10637237733731182
microsoft,27-06-2018,0.11483965357537276
microsoft,27-06-2019,0.08338760068285932
microsoft,27-07-2016,0.1256205569383478
microsoft,27-07-2017,0.1672794132709883
microsoft,27-07-2018,0.09994771585629811
microsoft,27-07-2019,0.20420720994405206
microsoft,27-08-2016,0.16432216905901115
microsoft,27-08-2017,0.04846520951138176
microsoft,27-08-2018,0.08877365568381228
microsoft,27-08-2019,0.1282446504148393
microsoft,27-09-2016,0.12527535692521702
microsoft,27-09-2017,0.1106167600147112
microsoft,27-09-2018,0.09652634551509985
microsoft,27-09-2019,0.11766570225571983
microsoft,27-10-2016,0.15006575724819918
microsoft,27-10-2017,0.13414866581559842
microsoft,27-10-2018,0.09280394178257748
microsoft,27-10-2019,0.1846189644485099
microsoft,27-11-2016,0.1141628300654098
microsoft,27-11-2017,0.15091139900928893
microsoft,27-11-2018,0.10325986459015807
microsoft,27-11-2019,0.13413643505144737
microsoft,27-12-2016,0.10087587644485407
microsoft,27-12-2017,0.08007923382115673
microsoft,27-12-2018,0.139369914162562
microsoft,27-12-2019,0.08778325618923477
microsoft,28-01-2016,0.095295610134308
microsoft,28-01-2017,0.10342666708907412
microsoft,28-01-2018,0.1344218674753818
microsoft,28-01-2019,0.06806208874399003
microsoft,28-01-2020,0.13418393890015345
microsoft,28-02-2016,0.2890056022408964
microsoft,28-02-2017,0.08121300509004806
microsoft,28-02-2018,0.11109733144777786
microsoft,28-02-2019,0.09080180343836504
microsoft,28-02-2020,0.07473676617632703
microsoft,28-03-2016,0.13734274569299634
microsoft,28-03-2017,0.1406082217114349
microsoft,28-03-2018,0.06444820615122297
microsoft,28-03-2019,0.1763388991969199
microsoft,28-03-2020,0.04053763812535742
microsoft,28-04-2016,0.1367844142986918
microsoft,28-04-2017,0.09064672423177882
microsoft,28-04-2018,0.1348153221200096
microsoft,28-04-2019,0.145995670995671
microsoft,28-05-2016,0.07743987929676334
microsoft,28-05-2017,0.09560642405434072
microsoft,28-05-2018,0.15650098301248208
microsoft,28-05-2019,0.13750214888288556
microsoft,28-06-2016,0.1341471439356605
microsoft,28-06-2017,0.12483028388512077
microsoft,28-06-2018,0.16744374501912312
microsoft,28-06-2019,0.15198292395404073
microsoft,28-07-2016,0.13496286699411703
microsoft,28-07-2017,0.12867399563261492
microsoft,28-07-2018,0.1670228494050948
microsoft,28-07-2019,0.16529614205822188
microsoft,28-08-2016,0.036699536134059935
microsoft,28-08-2017,0.11314824707984543
microsoft,28-08-2018,0.15054037664514988
microsoft,28-08-2019,0.13817287890850324
microsoft,28-09-2016,0.08393321208764906
microsoft,28-09-2017,0.20455544462164332
microsoft,28-09-2018,0.12707252464925173
microsoft,28-09-2019,0.16218404280904278
microsoft,28-10-2016,0.18748142727635664
microsoft,28-10-2017,0.12842986178919147
microsoft,28-10-2018,0.09886913608877895
microsoft,28-10-2019,0.09192312983979652
microsoft,28-11-2016,0.1079266451181739
microsoft,28-11-2017,0.13094783124501563
microsoft,28-11-2018,0.12126798461017883
microsoft,28-11-2019,0.15417766884733436
microsoft,28-12-2016,0.06416896133123758
microsoft,28-12-2017,0.17631233102415622
microsoft,28-12-2018,0.10352035329314918
microsoft,28-12-2019,0.13774582664199603
microsoft,29-01-2016,0.0850065986114483
microsoft,29-01-2017,0.12424458044517334
microsoft,29-01-2018,0.07168645187327899
microsoft,29-01-2019,0.12192666338213375
microsoft,29-01-2020,0.13399843900192782
microsoft,29-02-2016,0.14155135236696226
microsoft,29-02-2020,0.15082063957621492
microsoft,29-03-2016,0.13930789664480142
microsoft,29-03-2017,0.12901662161670216
microsoft,29-03-2018,0.047376644304617424
microsoft,29-03-2019,0.12137483779025984
microsoft,29-03-2020,0.12378442516516572
microsoft,29-04-2016,0.12166866653720312
microsoft,29-04-2017,0.11121179882243644
microsoft,29-04-2018,0.1495736523033741
microsoft,29-04-2019,0.068933916664823
microsoft,29-05-2016,0.08736181972789114
microsoft,29-05-2017,0.13953984692340568
microsoft,29-05-2018,0.12710306891847797
microsoft,29-05-2019,0.10193171114599686
microsoft,29-06-2016,0.11820038744451847
microsoft,29-06-2017,0.13446181519956293
microsoft,29-06-2018,0.11523783472370665
microsoft,29-06-2019,0.09239032572365906
microsoft,29-07-2016,0.13547534745654644
microsoft,29-07-2017,0.1333455464250343
microsoft,29-07-2018,0.11332642079206767
microsoft,29-07-2019,0.1394721182767014
microsoft,29-08-2016,0.1119432487375599
microsoft,29-08-2017,0.11494635576119816
microsoft,29-08-2018,0.08381785328309724
microsoft,29-08-2019,0.1388381961475998
microsoft,29-09-2016,0.08468095980659272
microsoft,29-09-2017,0.10725550684453518
microsoft,29-09-2018,0.125
microsoft,29-09-2019,0.1707735247208932
microsoft,29-10-2016,0.21751391465677186
microsoft,29-10-2017,0.12359709194186175
microsoft,29-10-2018,0.12000162083615912
microsoft,29-10-2019,0.15215560042976728
microsoft,29-11-2016,0.10525687751575358
microsoft,29-11-2017,0.1221129803895357
microsoft,29-11-2018,0.08847780700328164
microsoft,29-11-2019,0.09326334315291773
microsoft,29-12-2016,0.09358580180764983
microsoft,29-12-2017,0.12314112711485034
microsoft,29-12-2018,0.05528572250511027
microsoft,29-12-2019,0.09270879982086881
microsoft,30-01-2016,0.15089746779059346
microsoft,30-01-2017,0.10780332980703829
microsoft,30-01-2018,0.1647640094537087
microsoft,30-01-2019,0.10889626546473809
microsoft,30-01-2020,0.13278642228950546
microsoft,30-03-2016,0.1667538908056185
microsoft,30-03-2017,0.12189107227972773
microsoft,30-03-2018,0.11783618805514515
microsoft,30-03-2019,0.12794612794612795
microsoft,30-03-2020,0.07241565631791881
microsoft,30-04-2016,0.14453529539243826
microsoft,30-04-2017,0.1804275015548432
microsoft,30-04-2018,0.1438513290588135
microsoft,30-04-2019,0.07469287982660161
microsoft,30-05-2016,0.1451733647350125
microsoft,30-05-2017,0.09795844625908696
microsoft,30-05-2018,0.08391764539931376
microsoft,30-05-2019,0.1550222693846868
microsoft,30-06-2016,0.12609943778850927
microsoft,30-06-2017,0.09442713241561096
microsoft,30-06-2018,0.18298932470216148
microsoft,30-06-2019,0.08187097486413518
microsoft,30-07-2016,0.18971256782170634
microsoft,30-07-2017,0.08734905589337567
microsoft,30-07-2018,0.09825042047508482
microsoft,30-07-2019,0.13839698261185032
microsoft,30-08-2016,0.09154485341070077
microsoft,30-08-2017,0.1476191011399031
microsoft,30-08-2018,0.09223899799460944
microsoft,30-08-2019,0.11425643772188071
microsoft,30-09-2016,0.10496255431324078
microsoft,30-09-2017,0.12014364443259372
microsoft,30-09-2018,0.1261474429442611
microsoft,30-09-2019,0.13955948740999682
microsoft,30-10-2016,0.08503559321617797
microsoft,30-10-2017,0.14483145236901304
microsoft,30-10-2018,0.13450129127169735
microsoft,30-10-2019,0.058219723603372596
microsoft,30-11-2016,0.09128382465368837
microsoft,30-11-2017,0.14104969557818323
microsoft,30-11-2018,0.09981839387598014
microsoft,30-11-2019,0.09315422787472477
microsoft,30-12-2016,0.13857021109031914
microsoft,30-12-2017,0.12336133796065078
microsoft,30-12-2018,0.13327273913951543
microsoft,30-12-2019,0.08028252831577687
microsoft,31-01-2016,0.15866240895784217
microsoft,31-01-2017,0.12984442193364312
microsoft,31-01-2018,0.09502354552895242
microsoft,31-01-2019,0.13674457375967822
microsoft,31-01-2020,0.13181241603356236
microsoft,31-03-2016,0.12326251921507583
microsoft,31-03-2017,0.12505803424607154
microsoft,31-03-2018,0.08371189671920191
microsoft,31-03-2019,0.13235277376944043
microsoft,31-03-2020,0.15155654241619385
microsoft,31-05-2016,0.034932309955429605
microsoft,31-05-2017,0.14768404879894542
microsoft,31-05-2018,0.10720889174758222
microsoft,31-05-2019,0.07827212174076324
microsoft,31-07-2016,0.1829492087147825
microsoft,31-07-2017,0.13532905586477015
microsoft,31-07-2018,0.13905506001735496
microsoft,31-07-2019,0.1579154078145769
microsoft,31-08-2016,0.12447162192822182
microsoft,31-08-2017,0.119509843330367
microsoft,31-08-2018,0.11454814102250631
microsoft,31-08-2019,0.16033917465758307
microsoft,31-10-2016,0.15068332961184996
microsoft,31-10-2017,0.1336033184636763
microsoft,31-10-2018,0.09442777750418888
microsoft,31-10-2019,0.10424849634059997
microsoft,31-12-2016,0.17588522588522587
microsoft,31-12-2017,0.2630099506974507
microsoft,31-12-2018,0.12593347117763024
microsoft,31-12-2019,0.0953902657691535
